String Length;adler32 (hex);adler32 (raw);crc32 (hex);crc32 (raw);crc32b (hex);crc32b (raw);crc32c (hex);crc32c (raw);fnv132 (hex);fnv132 (raw);fnv164 (hex);fnv164 (raw);fnv1a32 (hex);fnv1a32 (raw);fnv1a64 (hex);fnv1a64 (raw);gost (hex);gost (raw);gost-crypto (hex);gost-crypto (raw);haval128,3 (hex);haval128,3 (raw);haval128,4 (hex);haval128,4 (raw);haval128,5 (hex);haval128,5 (raw);haval160,3 (hex);haval160,3 (raw);haval160,4 (hex);haval160,4 (raw);haval160,5 (hex);haval160,5 (raw);haval192,3 (hex);haval192,3 (raw);haval192,4 (hex);haval192,4 (raw);haval192,5 (hex);haval192,5 (raw);haval224,3 (hex);haval224,3 (raw);haval224,4 (hex);haval224,4 (raw);haval224,5 (hex);haval224,5 (raw);haval256,3 (hex);haval256,3 (raw);haval256,4 (hex);haval256,4 (raw);haval256,5 (hex);haval256,5 (raw);joaat (hex);joaat (raw);md2 (hex);md2 (raw);md4 (hex);md4 (raw);md5 (hex);md5 (raw);ripemd128 (hex);ripemd128 (raw);ripemd160 (hex);ripemd160 (raw);ripemd256 (hex);ripemd256 (raw);ripemd320 (hex);ripemd320 (raw);sha1 (hex);sha1 (raw);sha224 (hex);sha224 (raw);sha256 (hex);sha256 (raw);sha3-224 (hex);sha3-224 (raw);sha3-256 (hex);sha3-256 (raw);sha3-384 (hex);sha3-384 (raw);sha3-512 (hex);sha3-512 (raw);sha384 (hex);sha384 (raw);sha512 (hex);sha512 (raw);sha512/224 (hex);sha512/224 (raw);sha512/256 (hex);sha512/256 (raw);snefru (hex);snefru (raw);snefru256 (hex);snefru256 (raw);tiger128,3 (hex);tiger128,3 (raw);tiger128,4 (hex);tiger128,4 (raw);tiger160,3 (hex);tiger160,3 (raw);tiger160,4 (hex);tiger160,4 (raw);tiger192,3 (hex);tiger192,3 (raw);tiger192,4 (hex);tiger192,4 (raw);whirlpool (hex);whirlpool (raw);Minimum;Minimum algorithm;Maximum;Maximum algorithm
512;0.1528263092041;0.00095367431640625;0.0030994415283203;0.00095367431640625;0.00095367431640625;0.0021457672119141;0.0019073486328125;0.0021457672119141;0.00095367431640625;0.00095367431640625;0.00095367431640625;0.00095367431640625;0.0011920928955078;0.00095367431640625;0.00095367431640625;0.00095367431640625;0.023126602172852;0.010013580322266;0.0081062316894531;0.0088214874267578;0.0040531158447266;0.0030994415283203;0.0059604644775391;0.0030994415283203;0.0050067901611328;0.003814697265625;0.0030994415283203;0.0028610229492188;0.0040531158447266;0.017166137695312;0.003814697265625;0.0059604644775391;0.0019073486328125;0.0030994415283203;0.0028610229492188;0.0040531158447266;0.0040531158447266;0.0040531158447266;0.0030994415283203;0.0028610229492188;0.0030994415283203;0.0028610229492188;0.10418891906738;0.0081062316894531;0.0050067901611328;0.13399124145508;0.0059604644775391;0.0030994415283203;0.0040531158447266;0.0050067901611328;0.00095367431640625;0.00095367431640625;0.13494491577148;0.051021575927734;0.0021457672119141;0.00095367431640625;0.0019073486328125;0.0021457672119141;0.0019073486328125;0.0021457672119141;0.0019073486328125;0.0030994415283203;0.0019073486328125;0.0021457672119141;0.0019073486328125;0.0021457672119141;0.0028610229492188;0.0011920928955078;0.003814697265625;0.0040531158447266;0.0040531158447266;0.0040531158447266;0.010013580322266;0.0019073486328125;0.00095367431640625;0.00095367431640625;0.00095367431640625;0.0019073486328125;0.0021457672119141;0.0028610229492188;0.0030994415283203;0.0019073486328125;0.0021457672119141;0.0028610229492188;0.0030994415283203;0.046014785766602;0.0030994415283203;0.0028610229492188;0.048160552978516;0.018835067749023;0.019073486328125;0.017881393432617;0.003814697265625;0.0011920928955078;0.0019073486328125;0.00095367431640625;0.0011920928955078;0.00095367431640625;0.00095367431640625;0.00095367431640625;0.0011920928955078;0.00095367431640625;0.00095367431640625;0.00095367431640625;0.0040531158447266;0.0030994415283203;0.00095367431640625;adler32 (raw);0.1528263092041;adler32 (hex)
1024;0.0019073486328125;0.00095367431640625;0.0028610229492188;0.0028610229492188;0.0030994415283203;0.0028610229492188;0.0030994415283203;0.0030994415283203;0.0019073486328125;0.0019073486328125;0.0021457672119141;0.00095367431640625;0.0019073486328125;0.0021457672119141;0.00095367431640625;0.0019073486328125;0.017166137695312;0.015020370483398;0.015020370483398;0.015974044799805;0.016927719116211;0.0050067901611328;0.0059604644775391;0.0071525573730469;0.0069141387939453;0.0071525573730469;0.0050067901611328;0.0050067901611328;0.0059604644775391;0.0069141387939453;0.0069141387939453;0.0069141387939453;0.0050067901611328;0.0050067901611328;0.0059604644775391;0.0069141387939453;0.0071525573730469;0.0069141387939453;0.0050067901611328;0.0050067901611328;0.0059604644775391;0.0071525573730469;0.0069141387939453;0.0081062316894531;0.0050067901611328;0.003814697265625;0.0059604644775391;0.0059604644775391;0.0081062316894531;0.0078678131103516;0.0021457672119141;0.0019073486328125;0.11301040649414;0.35691261291504;0.0028610229492188;0.00095367431640625;0.0019073486328125;0.0021457672119141;0.003814697265625;0.0030994415283203;0.0050067901611328;0.0040531158447266;0.0028610229492188;0.0030994415283203;0.0040531158447266;0.0040531158447266;0.0028610229492188;0.0021457672119141;0.0069141387939453;0.024080276489258;0.0069141387939453;0.0071525573730469;0.0069141387939453;0.0019073486328125;0.0030994415283203;0.0019073486328125;0.0030994415283203;0.0030994415283203;0.003814697265625;0.0040531158447266;0.0050067901611328;0.0040531158447266;0.0050067901611328;0.0040531158447266;0.0050067901611328;0.003814697265625;0.0050067901611328;0.0040531158447266;0.12898445129395;0.053882598876953;0.072002410888672;0.14400482177734;0.0040531158447266;0.0019073486328125;0.0030994415283203;0.0028610229492188;0.0019073486328125;0.0021457672119141;0.0019073486328125;0.0030994415283203;0.0019073486328125;0.0021457672119141;0.0019073486328125;0.0021457672119141;0.0059604644775391;0.0050067901611328;0.00095367431640625;adler32 (raw);0.35691261291504;md2 (raw)
2048;0.00095367431640625;0.0019073486328125;0.0059604644775391;0.0061988830566406;0.0059604644775391;0.0050067901611328;0.0050067901611328;0.0050067901611328;0.0030994415283203;0.0028610229492188;0.0030994415283203;0.0030994415283203;0.0028610229492188;0.0030994415283203;0.0028610229492188;0.0030994415283203;0.032901763916016;0.030040740966797;0.030040740966797;0.030040740966797;0.0090599060058594;0.019073486328125;0.029802322387695;0.024080276489258;0.015020370483398;0.014066696166992;0.0078678131103516;0.0090599060058594;0.010967254638672;0.010967254638672;0.014066696166992;0.014066696166992;0.0078678131103516;0.0081062316894531;0.010967254638672;0.011920928955078;0.013113021850586;0.013113021850586;0.0088214874267578;0.0081062316894531;0.010967254638672;0.010967254638672;0.06103515625;0.055074691772461;0.0090599060058594;0.0078678131103516;0.01215934753418;0.010967254638672;0.014066696166992;0.013828277587891;0.0030994415283203;0.0030994415283203;0.23889541625977;0.18692016601562;0.0030994415283203;0.0019073486328125;0.003814697265625;0.003814697265625;0.0061988830566406;0.0059604644775391;0.0078678131103516;0.0071525573730469;0.0059604644775391;0.0059604644775391;0.0069141387939453;0.0078678131103516;0.0040531158447266;0.0040531158447266;0.012874603271484;0.013113021850586;0.02598762512207;0.011920928955078;0.0090599060058594;0.0030994415283203;0.0040531158447266;0.0028610229492188;0.0050067901611328;0.0050067901611328;0.0069141387939453;0.0069141387939453;0.0081062316894531;0.0078678131103516;0.0081062316894531;0.0069141387939453;0.0071525573730469;0.0069141387939453;0.0081062316894531;0.0078678131103516;0.069141387939453;0.066995620727539;0.067949295043945;0.068187713623047;0.0047683715820312;0.0030994415283203;0.0050067901611328;0.0040531158447266;0.0040531158447266;0.0028610229492188;0.0050067901611328;0.0040531158447266;0.0040531158447266;0.0028610229492188;0.0040531158447266;0.0050067901611328;0.010013580322266;0.010013580322266;0.00095367431640625;adler32 (hex);0.23889541625977;md2 (hex)
4096;0.0021457672119141;0.0019073486328125;0.010967254638672;0.011205673217773;0.010967254638672;0.010013580322266;0.010967254638672;0.010967254638672;0.0050067901611328;0.0050067901611328;0.0061988830566406;0.0059604644775391;0.0050067901611328;0.0050067901611328;0.0059604644775391;0.0050067901611328;0.075101852416992;0.092983245849609;0.056028366088867;0.056028366088867;0.030994415283203;0.015974044799805;0.020980834960938;0.021934509277344;0.02598762512207;0.026941299438477;0.015974044799805;0.015974044799805;0.021934509277344;0.021219253540039;0.026941299438477;0.02598762512207;0.015974044799805;0.015974044799805;0.022172927856445;0.020980834960938;0.02598762512207;0.02598762512207;0.015020370483398;0.015020370483398;0.020980834960938;0.022172927856445;0.02598762512207;0.02598762512207;0.015974044799805;0.015974044799805;0.021934509277344;0.021219253540039;0.02598762512207;0.02598762512207;0.0059604644775391;0.0061988830566406;0.3960132598877;0.36883354187012;0.0050067901611328;0.0050067901611328;0.0090599060058594;0.0090599060058594;0.010967254638672;0.010013580322266;0.014066696166992;0.015020370483398;0.010013580322266;0.010967254638672;0.030994415283203;0.014066696166992;0.010967254638672;0.0078678131103516;0.025033950805664;0.025033950805664;0.025033950805664;0.024080276489258;0.012874603271484;0.0071525573730469;0.0069141387939453;0.0081062316894531;0.0088214874267578;0.010013580322266;0.013113021850586;0.012874603271484;0.015020370483398;0.013828277587891;0.014066696166992;0.014066696166992;0.014066696166992;0.014066696166992;0.015020370483398;0.014066696166992;0.14996528625488;0.13399124145508;0.13494491577148;0.13399124145508;0.0081062316894531;0.0059604644775391;0.0090599060058594;0.0078678131103516;0.0061988830566406;0.0059604644775391;0.0090599060058594;0.0078678131103516;0.0069141387939453;0.0061988830566406;0.0078678131103516;0.0081062316894531;0.019073486328125;0.017881393432617;0.0019073486328125;adler32 (raw);0.3960132598877;md2 (hex)
8192;0.0050067901611328;0.0040531158447266;0.021934509277344;0.020980834960938;0.020980834960938;0.021934509277344;0.021934509277344;0.021934509277344;0.011205673217773;0.010967254638672;0.010967254638672;0.010013580322266;0.023126602172852;0.010967254638672;0.012874603271484;0.066041946411133;0.12803077697754;0.11420249938965;0.11205673217773;0.11086463928223;0.031948089599609;0.030994415283203;0.043153762817383;0.042915344238281;0.052928924560547;0.051975250244141;0.030994415283203;0.030994415283203;0.043153762817383;0.041961669921875;0.051975250244141;0.066041946411133;0.030994415283203;0.030994415283203;0.043153762817383;0.042915344238281;0.052928924560547;0.051975250244141;0.030994415283203;0.030994415283203;0.043153762817383;0.041961669921875;0.051021575927734;0.052928924560547;0.030994415283203;0.030994415283203;0.043153762817383;0.041961669921875;0.051975250244141;0.051975250244141;0.014066696166992;0.013828277587891;0.79107284545898;0.75197219848633;0.010013580322266;0.0090599060058594;0.016927719116211;0.015974044799805;0.020980834960938;0.020027160644531;0.027894973754883;0.027179718017578;0.020980834960938;0.020027160644531;0.026941299438477;0.028133392333984;0.015974044799805;0.015020370483398;0.04887580871582;0.046968460083008;0.048160552978516;0.046968460083008;0.015020370483398;0.012874603271484;0.014066696166992;0.014066696166992;0.017881393432617;0.018119812011719;0.025033950805664;0.024795532226562;0.050067901611328;0.041961669921875;0.030994415283203;0.029087066650391;0.029087066650391;0.030040740966797;0.030040740966797;0.046968460083008;0.4119873046875;0.2589225769043;0.29182434082031;0.2591609954834;0.014781951904297;0.01215934753418;0.015974044799805;0.015974044799805;0.011920928955078;0.01215934753418;0.015974044799805;0.015974044799805;0.011920928955078;0.01215934753418;0.015974044799805;0.015974044799805;0.03504753112793;0.03504753112793;0.0040531158447266;adler32 (raw);0.79107284545898;md2 (hex)
16384;0.010013580322266;0.0081062316894531;0.043869018554688;0.088930130004883;0.044822692871094;0.043153762817383;0.13494491577148;0.044107437133789;0.021934509277344;0.021934509277344;0.020980834960938;0.020980834960938;0.020980834960938;0.020980834960938;0.020980834960938;0.020980834960938;0.25105476379395;0.22315979003906;0.23508071899414;0.22387504577637;0.059127807617188;0.059127807617188;0.08082389831543;0.08082389831543;0.09918212890625;0.10490417480469;0.059127807617188;0.072002410888672;0.081777572631836;0.084161758422852;0.099897384643555;0.10013580322266;0.058889389038086;0.059127807617188;0.082015991210938;0.08082389831543;0.09918212890625;0.098943710327148;0.060081481933594;0.073909759521484;0.084161758422852;0.08392333984375;0.098943710327148;0.10013580322266;0.058889389038086;0.059127807617188;0.082015991210938;0.08082389831543;0.10013580322266;0.098943710327148;0.02598762512207;0.026941299438477;1.4481544494629;1.410961151123;0.018119812011719;0.017881393432617;0.031948089599609;0.030994415283203;0.039100646972656;0.037908554077148;0.068187713623047;0.052928924560547;0.038862228393555;0.03814697265625;0.053882598876953;0.056982040405273;0.028848648071289;0.026941299438477;0.090837478637695;0.091075897216797;0.091075897216797;0.091075897216797;0.026941299438477;0.025033950805664;0.026941299438477;0.026941299438477;0.034093856811523;0.033855438232422;0.049114227294922;0.047922134399414;0.06103515625;0.054121017456055;0.054836273193359;0.055074691772461;0.052928924560547;0.053882598876953;0.054121017456055;0.053882598876953;0.5030632019043;0.50806999206543;0.55193901062012;0.57291984558105;0.050067901611328;0.025033950805664;0.032901763916016;0.032186508178711;0.023841857910156;0.023126602172852;0.030994415283203;0.030994415283203;0.023126602172852;0.023841857910156;0.030994415283203;0.030994415283203;0.090122222900391;0.072002410888672;0.0081062316894531;adler32 (raw);1.4481544494629;md2 (hex)
32768;0.015974044799805;0.015974044799805;0.08702278137207;0.090837478637695;0.08702278137207;0.097990036010742;0.11301040649414;0.085115432739258;0.041961669921875;0.059127807617188;0.042915344238281;0.044107437133789;0.041961669921875;0.041961669921875;0.041961669921875;0.041007995605469;0.44679641723633;0.46014785766602;0.43892860412598;0.4420280456543;0.11897087097168;0.11801719665527;0.15997886657715;0.16212463378906;0.20289421081543;0.21791458129883;0.1220703125;0.12397766113281;0.16903877258301;0.16307830810547;0.1981258392334;0.21982192993164;0.1218318939209;0.14805793762207;0.29611587524414;0.16188621520996;0.23293495178223;0.23603439331055;0.12588500976562;0.1220703125;0.1680850982666;0.16689300537109;0.23603439331055;0.20408630371094;0.1218318939209;0.1220703125;0.1671314239502;0.16689300537109;0.21100044250488;0.1981258392334;0.052928924560547;0.051975250244141;2.9311180114746;2.936840057373;0.037908554077148;0.036001205444336;0.065088272094727;0.062942504882812;0.079154968261719;0.078916549682617;0.10919570922852;0.11181831359863;0.080108642578125;0.087976455688477;0.11205673217773;0.20098686218262;0.087976455688477;0.05793571472168;0.19192695617676;0.18906593322754;0.20599365234375;0.18215179443359;0.058174133300781;0.04887580871582;0.051975250244141;0.051021575927734;0.067949295043945;0.068187713623047;0.10180473327637;0.09608268737793;0.11014938354492;0.11301040649414;0.1068115234375;0.1068115234375;0.1070499420166;0.10800361633301;0.1070499420166;0.1070499420166;1.0149478912354;1.1200904846191;1.0898113250732;1.2929439544678;0.052928924560547;0.049114227294922;0.066041946411133;0.065803527832031;0.049114227294922;0.077009201049805;0.06413459777832;0.063896179199219;0.049114227294922;0.046014785766602;0.061988830566406;0.063180923461914;0.14996528625488;0.13589859008789;0.015974044799805;adler32 (hex);2.936840057373;md2 (raw)
65536;0.030994415283203;0.030994415283203;0.17714500427246;0.17404556274414;0.22482872009277;0.18215179443359;0.16307830810547;0.16283988952637;0.081062316894531;0.097990036010742;0.08082389831543;0.081062316894531;0.097990036010742;0.081062316894531;0.08392333984375;0.13494491577148;0.90813636779785;0.89192390441895;0.88787078857422;0.88286399841309;0.24604797363281;0.23508071899414;0.32401084899902;0.32901763916016;0.3969669342041;0.3960132598877;0.24199485778809;0.23794174194336;0.32305717468262;0.32997131347656;0.38504600524902;0.38504600524902;0.23889541625977;0.22697448730469;0.37980079650879;0.33712387084961;0.40912628173828;0.3969669342041;0.24318695068359;0.2439022064209;0.32806396484375;0.32305717468262;0.40698051452637;0.3960132598877;0.23579597473145;0.25320053100586;0.32401084899902;0.32591819763184;0.4122257232666;0.40292739868164;0.10800361633301;0.10800361633301;5.8670043945312;5.6791305541992;0.072002410888672;0.069856643676758;0.12397766113281;0.12302398681641;0.15902519226074;0.15401840209961;0.21004676818848;0.22292137145996;0.15401840209961;0.15616416931152;0.23484230041504;0.20980834960938;0.12302398681641;0.11801719665527;0.36501884460449;0.3819465637207;0.3969669342041;0.38003921508789;0.10895729064941;0.098228454589844;0.10299682617188;0.10180473327637;0.13494491577148;0.13399124145508;0.20813941955566;0.19598007202148;0.22101402282715;0.21505355834961;0.24700164794922;0.22697448730469;0.21791458129883;0.2129077911377;0.2138614654541;0.21910667419434;2.0449161529541;2.0720958709717;2.0570755004883;2.2029876708984;0.10013580322266;0.092983245849609;0.1680850982666;0.1680850982666;0.14901161193848;0.092983245849609;0.12397766113281;0.12707710266113;0.095844268798828;0.09608268737793;0.12612342834473;0.12397766113281;0.28491020202637;0.27203559875488;0.030994415283203;adler32 (hex);5.8670043945312;md2 (hex)
131072;0.061988830566406;0.065088272094727;0.40197372436523;0.33783912658691;0.35309791564941;0.33903121948242;0.3349781036377;0.34403800964355;0.16903877258301;0.1680850982666;0.1671314239502;0.16689300537109;0.1680850982666;0.17404556274414;0.17189979553223;0.1680850982666;1.8041133880615;1.816987991333;1.8198490142822;1.8680095672607;0.47802925109863;0.47111511230469;0.66494941711426;0.64706802368164;0.80204010009766;0.81205368041992;0.48089027404785;0.46992301940918;0.68402290344238;0.65207481384277;0.94890594482422;0.885009765625;0.46896934509277;0.45490264892578;0.68402290344238;0.62799453735352;0.79584121704102;0.78582763671875;0.46515464782715;0.46682357788086;0.69212913513184;0.64778327941895;0.77509880065918;0.77295303344727;0.51188468933105;0.54693222045898;0.65183639526367;0.63109397888184;0.78606605529785;0.81014633178711;0.20408630371094;0.20408630371094;11.327028274536;11.315107345581;0.15497207641602;0.13995170593262;0.24580955505371;0.25820732116699;0.30803680419922;0.30684471130371;0.42486190795898;0.4279613494873;0.31900405883789;0.3199577331543;0.42009353637695;0.42915344238281;0.21791458129883;0.21600723266602;0.7479190826416;0.73599815368652;0.72884559631348;0.74601173400879;0.20813941955566;0.19598007202148;0.21600723266602;0.2138614654541;0.27012825012207;0.2899169921875;0.40411949157715;0.41508674621582;0.44918060302734;0.42986869812012;0.43916702270508;0.44488906860352;0.4420280456543;0.48303604125977;0.43392181396484;0.45895576477051;4.0578842163086;4.115104675293;4.0709972381592;4.0619373321533;0.18906593322754;0.19192695617676;0.24199485778809;0.24104118347168;0.18191337585449;0.18095970153809;0.24890899658203;0.24199485778809;0.18215179443359;0.18215179443359;0.24580955505371;0.24104118347168;0.55313110351562;0.5497932434082;0.061988830566406;adler32 (hex);11.327028274536;md2 (hex)
262144;0.12898445129395;0.17189979553223;0.74887275695801;0.66900253295898;0.67019462585449;0.65302848815918;0.65708160400391;0.65493583679199;0.32496452331543;0.32496452331543;0.33092498779297;0.32496452331543;0.32496452331543;0.32997131347656;0.32496452331543;0.32496452331543;3.676176071167;3.4859180450439;3.47900390625;3.7181377410889;0.95486640930176;0.92506408691406;1.2600421905518;1.3070106506348;1.6000270843506;1.5301704406738;0.92601776123047;0.92792510986328;1.2640953063965;1.3010501861572;1.594066619873;1.5459060668945;0.91791152954102;0.9148120880127;1.2581348419189;1.3000965118408;1.5859603881836;1.5439987182617;0.92411041259766;0.93388557434082;1.2640953063965;1.2819766998291;1.5449523925781;1.5830993652344;0.9300708770752;0.95915794372559;1.3289451599121;1.2750625610352;1.5609264373779;1.5561580657959;0.4119873046875;0.41699409484863;22.865056991577;22.72891998291;0.28705596923828;0.28014183044434;0.49686431884766;0.49018859863281;0.62894821166992;0.63109397888184;0.84209442138672;0.83684921264648;0.63109397888184;0.62394142150879;0.85091590881348;0.83804130554199;0.44918060302734;0.43296813964844;1.5079975128174;1.492977142334;1.4910697937012;1.4891624450684;0.42295455932617;0.43392181396484;0.42104721069336;0.4119873046875;0.57411193847656;0.54597854614258;0.79107284545898;0.77509880065918;0.87308883666992;0.92482566833496;0.88286399841309;0.88691711425781;0.89311599731445;0.87904930114746;0.87285041809082;0.88381767272949;8.1748962402344;8.3110332489014;8.2328319549561;8.2981586456299;0.37503242492676;0.36311149597168;0.4880428314209;0.48303604125977;0.37002563476562;0.38599967956543;0.49901008605957;0.48303604125977;0.36907196044922;0.38790702819824;0.48208236694336;0.48708915710449;1.1270046234131;1.0690689086914;0.12898445129395;adler32 (hex);22.865056991577;md2 (hex)
524288;0.25010108947754;0.26488304138184;1.3778209686279;1.323938369751;1.3110637664795;1.3480186462402;1.3179779052734;1.3270378112793;0.67996978759766;0.77199935913086;0.70095062255859;0.69117546081543;0.69904327392578;0.70691108703613;0.69212913513184;0.69999694824219;9.2389583587646;7.343053817749;7.1709156036377;7.1220397949219;1.8370151519775;1.8370151519775;2.5110244750977;2.6710033416748;3.1960010528564;3.2210350036621;1.9049644470215;1.9989013671875;2.5629997253418;2.5770664215088;3.2620429992676;3.2119750976562;1.8768310546875;1.8959045410156;2.5789737701416;2.5770664215088;3.1208992004395;3.1049251556396;1.8870830535889;1.8470287322998;2.5551319122314;2.5570392608643;3.1189918518066;3.1280517578125;1.8830299377441;1.8339157104492;2.5770664215088;2.5160312652588;3.1590461730957;3.1599998474121;0.81896781921387;0.823974609375;45.124053955078;45.967102050781;0.66804885864258;0.58293342590332;1.0209083557129;1.0411739349365;1.3718605041504;1.2941360473633;1.708984375;1.6860961914062;1.3339519500732;1.2989044189453;1.8868446350098;1.8479824066162;0.94413757324219;0.91385841369629;3.1139850616455;3.068208694458;3.1678676605225;3.1418800354004;0.90980529785156;0.80108642578125;0.82898139953613;0.84090232849121;1.2040138244629;1.1100769042969;1.6610622406006;1.6069412231445;1.8079280853271;1.7979145050049;1.8219947814941;1.741886138916;1.7440319061279;1.777172088623;1.8529891967773;1.8560886383057;16.540050506592;16.590118408203;16.618013381958;17.113924026489;0.73790550231934;0.76913833618164;0.98204612731934;1.1129379272461;0.78892707824707;0.73599815368652;0.98013877868652;0.98705291748047;0.76484680175781;0.73695182800293;0.97203254699707;1.0159015655518;2.1941661834717;2.234935760498;0.25010108947754;adler32 (hex);45.967102050781;md2 (raw)
1048576;0.52690505981445;0.50902366638184;2.7410984039307;2.6979446411133;2.7329921722412;2.7310848236084;2.7139186859131;2.6340484619141;1.3370513916016;1.4560222625732;1.5649795532227;1.3720989227295;1.3539791107178;1.3730525970459;1.3511180877686;1.3518333435059;14.490127563477;14.386892318726;14.915943145752;14.181137084961;3.7291049957275;3.6890506744385;5.0609111785889;5.1200389862061;6.2742233276367;6.1898231506348;3.7238597869873;3.7250518798828;5.0601959228516;5.0578117370605;6.2978267669678;6.42991065979;3.715991973877;3.715991973877;5.1200389862061;5.0680637359619;6.2470436096191;6.1900615692139;3.6740303039551;3.7181377410889;5.1438808441162;5.0420761108398;6.3858032226562;6.1829090118408;3.7050247192383;3.6540031433105;5.1600933074951;5.0270557403564;6.3469409942627;6.2639713287354;1.662015914917;1.6329288482666;90.029954910278;92.315912246704;1.1489391326904;1.1248588562012;1.9991397857666;2.004861831665;2.622127532959;2.5980472564697;3.4408569335938;3.5698413848877;2.48122215271;2.5408267974854;3.4902095794678;3.4980773925781;1.7919540405273;1.7631053924561;6.0250759124756;5.9981346130371;5.997896194458;6.0439109802246;1.6059875488281;1.5730857849121;1.7259120941162;1.7569065093994;2.2211074829102;2.1851062774658;3.1590461730957;3.2808780670166;3.5190582275391;3.6368370056152;3.5438537597656;3.6699771881104;3.5140514373779;3.5500526428223;3.4880638122559;3.5769939422607;33.02788734436;33.349990844727;33.023118972778;33.100843429565;1.4891624450684;1.4560222625732;1.9450187683105;1.9750595092773;1.6229152679443;1.4619827270508;1.9888877868652;1.945972442627;1.4810562133789;1.4829635620117;1.9769668579102;2.0079612731934;4.3809413909912;4.2839050292969;0.50902366638184;adler32 (raw);92.315912246704;md2 (raw)
2097152;1.093864440918;0.97894668579102;5.3579807281494;5.5620670318604;5.4540634155273;5.3181648254395;5.5000782012939;5.4490566253662;2.7079582214355;2.7039051055908;2.6681423187256;2.6650428771973;2.6731491088867;2.6679039001465;2.622127532959;2.8409957885742;28.51414680481;28.484106063843;28.196096420288;28.136014938354;7.3919296264648;7.5371265411377;10.267972946167;10.240077972412;12.47501373291;12.426853179932;7.3819160461426;7.3740482330322;10.133981704712;10.101079940796;12.383937835693;12.46190071106;7.465124130249;7.5061321258545;10.229110717773;10.268926620483;13.149976730347;12.823104858398;7.5991153717041;7.3912143707275;10.092973709106;10.128021240234;12.435913085938;12.64500617981;7.3719024658203;7.3661804199219;10.12396812439;10.173082351685;12.588977813721;12.435913085938;3.4010410308838;3.6921501159668;181.50615692139;178.25412750244;2.3350715637207;2.249002456665;3.9551258087158;4.0009021759033;4.9679279327393;4.9769878387451;6.7470073699951;6.7241191864014;4.9388408660889;4.9338340759277;6.8089962005615;6.7601203918457;3.471851348877;3.4739971160889;11.727094650269;11.738061904907;11.745929718018;11.746168136597;3.1929016113281;3.1571388244629;3.3009052276611;3.3180713653564;4.3430328369141;4.3530464172363;6.2210559844971;6.2000751495361;6.9470405578613;6.943941116333;7.2100162506104;7.0509910583496;6.9839954376221;7.0099830627441;7.2150230407715;7.1370601654053;64.75305557251;64.642190933228;64.539909362793;64.682006835938;3.1170845031738;2.9292106628418;3.9057731628418;3.9048194885254;2.9370784759521;2.9189586639404;3.9260387420654;4.3840408325195;3.0341148376465;2.9199123382568;3.9741992950439;3.9689540863037;8.497953414917;8.50510597229;0.97894668579102;adler32 (raw);181.50615692139;md2 (hex)
4194304;2.0639896392822;1.9218921661377;10.955095291138;11.026859283447;10.616064071655;10.797023773193;10.761022567749;10.765075683594;5.2371025085449;5.3219795227051;5.4380893707275;5.4149627685547;5.267858505249;5.2518844604492;5.2399635314941;5.2220821380615;55.6960105896;56.010007858276;56.118011474609;55.454969406128;14.638900756836;14.925956726074;20.216941833496;20.512104034424;25.27904510498;24.738788604736;14.656066894531;14.654159545898;20.721912384033;20.285129547119;24.713039398193;24.672985076904;14.635801315308;14.69898223877;20.127058029175;20.139932632446;24.668216705322;24.703979492188;14.631986618042;14.631986618042;20.143985748291;20.10703086853;25.170087814331;25.645971298218;14.680147171021;14.997005462646;20.608901977539;20.375967025757;25.143146514893;24.846076965332;6.5741539001465;6.5469741821289;361.80996894836;360.38613319397;4.5511722564697;4.5249462127686;7.936954498291;7.9469680786133;9.9389553070068;9.9489688873291;13.629913330078;13.633012771606;9.9399089813232;9.9079608917236;13.620853424072;13.578176498413;7.0059299468994;7.0221424102783;23.693084716797;23.787975311279;23.782968521118;23.635149002075;7.0319175720215;6.7098140716553;6.7269802093506;6.7129135131836;8.803129196167;8.9030265808105;12.701988220215;13.036012649536;14.402866363525;14.152050018311;14.028072357178;14.041900634766;14.294862747192;14.347076416016;14.08314704895;14.091014862061;130.35893440247;148.57816696167;163.78903388977;131.50000572205;5.9549808502197;5.9490203857422;7.8451633453369;7.8690052032471;5.9859752655029;5.8550834655762;7.9169273376465;7.8990459442139;6.019115447998;5.9421062469482;8.087158203125;7.9729557037354;17.306089401245;17.267942428589;1.9218921661377;adler32 (raw);361.80996894836;md2 (hex)
8388608;4.040002822876;3.9420127868652;21.985054016113;21.553039550781;21.857976913452;21.569967269897;21.75498008728;21.672964096069;10.730981826782;10.699987411499;10.712146759033;10.944843292236;10.699987411499;10.807991027832;10.643005371094;10.773897171021;113.04497718811;112.85805702209;113.47103118896;113.81983757019;30.24697303772;30.524015426636;42.084217071533;42.096853256226;51.555871963501;51.526069641113;30.241966247559;30.832052230835;41.417121887207;41.512012481689;51.752805709839;50.610065460205;30.23886680603;29.723882675171;41.144847869873;41.158199310303;50.369024276733;50.863981246948;29.681921005249;29.819965362549;41.699886322021;40.835857391357;50.808906555176;50.313949584961;30.333995819092;30.253171920776;40.571928024292;41.412830352783;49.939870834351;50.565004348755;13.347148895264;13.223886489868;820.43385505676;916.75996780396;12.036085128784;11.798858642578;21.06499671936;20.591974258423;26.031970977783;25.527000427246;35.321950912476;32.341957092285;20.559072494507;27.100086212158;35.362958908081;35.742998123169;18.113136291504;17.942190170288;60.330152511597;60.42218208313;60.016870498657;59.512138366699;16.202926635742;16.762018203735;17.009973526001;16.45302772522;22.236108779907;21.989107131958;31.344175338745;31.217098236084;35.53295135498;35.496950149536;32.693147659302;28.757095336914;31.19683265686;51.090002059937;35.533905029297;36.197185516357;310.44697761536;265.19107818604;260.11109352112;261.73996925354;11.750936508179;11.792182922363;15.633106231689;15.881061553955;11.999130249023;11.986970901489;15.710115432739;16.050100326538;12.224912643433;11.880159378052;15.721082687378;15.848159790039;34.326076507568;34.908056259155;3.9420127868652;adler32 (raw);916.75996780396;md2 (raw)
16777216;8.0280303955078;8.2459449768066;43.477058410645;42.819023132324;43.047904968262;42.306900024414;42.649984359741;42.557954788208;21.512985229492;21.991968154907;21.757841110229;22.742033004761;22.403001785278;21.454811096191;21.260976791382;21.227121353149;225.17991065979;230.20696640015;230.1881313324;225.39401054382;58.908939361572;58.948993682861;81.541061401367;83.187103271484;102.67186164856;101.86910629272;59.950113296509;59.154987335205;81.121921539307;81.294059753418;100.81911087036;100.1980304718;59.237957000732;60.010194778442;83.056926727295;83.184957504272;101.01699829102;100.82101821899;59.361934661865;59.043169021606;81.291198730469;83.019971847534;103.09791564941;102.11491584778;60.683965682983;60.781002044678;83.134889602661;81.811904907227;101.91607475281;99.722146987915;26.510953903198;26.365995407104;1450.7400989532;1477.4899482727;18.800020217896;18.709182739258;32.069206237793;32.167196273804;40.412902832031;39.978981018066;54.641962051392;55.22084236145;40.512084960938;42.990922927856;56.447982788086;57.193040847778;28.985023498535;28.717041015625;95.911979675293;94.947099685669;98.146915435791;98.510980606079;26.970148086548;25.905847549438;27.614116668701;27.586936950684;36.350965499878;35.773038864136;51.656007766724;50.971031188965;56.51593208313;57.08909034729;57.151079177856;56.262016296387;56.396007537842;55.999040603638;56.238174438477;55.935859680176;528.77402305603;526.90386772156;529.13403511047;533.61201286316;24.162769317627;24.21498298645;32.029151916504;32.21607208252;23.921012878418;23.945093154907;31.708002090454;31.798839569092;23.828983306885;23.889064788818;31.698942184448;31.589984893799;68.942070007324;68.984985351562;8.0280303955078;adler32 (hex);1477.4899482727;md2 (raw)
33554432;16.654968261719;16.265153884888;86.120128631592;86.639881134033;87.138891220093;87.045907974243;86.071014404297;86.093187332153;43.159008026123;42.325019836426;42.403936386108;44.693946838379;43.733835220337;42.975187301636;42.333126068115;42.572975158691;453.13811302185;453.16100120544;450.33812522888;448.74596595764;118.50786209106;119.06313896179;162.55187988281;161.9029045105;203.81116867065;200.39701461792;117.32292175293;120.51916122437;164.80112075806;163.20610046387;200.05297660828;200.47116279602;119.07601356506;119.0938949585;165.21406173706;162.78696060181;200.25300979614;201.48301124573;119.90189552307;119.32587623596;163.91086578369;164.70718383789;203.29904556274;205.15298843384;122.64394760132;122.64204025269;167.91677474976;167.69790649414;206.27498626709;208.47797393799;55.038928985596;55.004835128784;2934.2210292816;2902.6041030884;36.399126052856;36.359071731567;63.537120819092;63.55881690979;79.582929611206;79.540014266968;110.90397834778;111.85884475708;81.004858016968;79.885959625244;109.16900634766;110.41593551636;56.936979293823;57.01208114624;190.28615951538;189.09978866577;191.1039352417;189.26596641541;51.044940948486;50.83703994751;53.390979766846;53.400039672852;69.905042648315;69.923877716064;100.09908676147;99.894046783447;115.49615859985;113.49201202393;111.93013191223;111.8791103363;112.2419834137;112.61796951294;111.69600486755;111.8950843811;1098.8430976868;1052.9310703278;1052.8151988983;1075.8490562439;47.238111495972;47.67894744873;63.789129257202;63.874959945679;48.455953598022;48.054933547974;63.197135925293;63.619136810303;47.272920608521;47.916889190674;62.515020370483;63.261032104492;138.08298110962;137.71796226501;16.265153884888;adler32 (raw);2934.2210292816;md2 (hex)
Average per algorithm;1.9452151130227;1.9076291252585;10.206937789917;10.177976944867;10.210640290204;10.145552018109;10.130293229047;10.107853833367;5.0603642183192;5.0567458657657;5.0536604488597;5.2460642421947;5.14817237854;5.0534080056583;4.9888105953441;5.0268173217773;53.333226372214;53.505322512458;53.38119058048;52.953565821928;13.95357356352;14.023991192088;19.225274815279;19.315018373377;24.027656106388;23.737276301664;13.945579528809;14.126707525814;19.319253809312;19.21540148118;23.683029062608;23.606524747961;14.006754931282;14.030119952034;19.426836686976;19.281106836656;23.650085224825;23.71493507834;14.036431032069;13.981174020206;19.262271768907;19.352113499361;23.978107115802;24.022957857917;14.307442833396;14.332967645982;19.572748857386;19.504575168385;24.031975690056;24.037767859066;6.3636723686667;6.3602784100701;348.82220099954;354.09199490267;4.5018616844626;4.4653275433709;7.7988680671243;7.782964145436;9.7756946788115;9.7125979030834;13.417987262501;13.337864595301;9.5314558814554;9.995698928833;13.442909016329;13.578092350679;6.9525101605584;6.9250920239617;23.181690889246;23.06269196903;23.352146148682;23.225812351002;6.3433927648208;6.2691183651195;6.5556413987104;6.5236652598662;8.5988465477439;8.5498445174273;12.261629104614;12.222808950088;13.88339435353;13.789134867051;13.539370368509;13.245919171502;13.420189128203;14.601707458496;13.638257980347;13.675759820377;129.37341016882;124.99091204475;125.68346191855;125.5676465876;5.6031591751996;5.6197643280029;7.4800884022432;7.5209281023811;5.6770689347211;5.6319517247817;7.4368925655589;7.5095962075626;5.6100733139936;5.6193155400893;7.4072445140165;7.4496128979851;16.235856448903;16.239572973812